{
  "nCount": 0,
  "dbMarkV": 500.00,
  "dbJumpV": 1000.000,
  "dbQFre": 20.000,
  "dbQRls": 1,
  "dbCurrent": 1,
  "nFpkTime": 10,
  "dbFPKInitRate": 1.000,
  "dbFPKLenRate": 0.100,
  "dbFPKMaxPRate": 1.000,
  "dbFPKCurRate": 1.000,
  "nQuality": 75,
  "nLayerDelay": 1000,
  "nLaserOnDelay": 100,
  "nLaserOffDelay": 100,
  "nMoveLineDelay": 100,
  "nJumpDelay": 300,
  "nRoundDelay": 10,
  "dbCurrentR": 1.000,
  "dbSimmerCur": 50,
  "nWaveForm": 8,
  "dbPower": 50.000,
  "dbPowerR": 50.000,
  "nLaserPulse": 0
}
