[
  {
    "Code": 10023,
    "NameEn": "CEC_OutSafeSpaceAcsPositive",
    "Name": "正方向超出关节边界",
    "Content": "机器人当前位置超出关节正方向边界，具体轴参考错误轴 ID",
    "SpeculativeCause": "如果机器人已经去使能，请先点击使能按钮进行使能，然后按住恢复按钮直到机器人回到安全边界内部松开，再点击复位按钮"
  },

  {
    "Code": 10027,
    "NameEn": "CEC_SingularityError",
    "Name": "轨迹经过奇异点",
    "Content": "运动轨迹经过奇异点报错",
    "SpeculativeCause": "请检查运动轨迹是否经过奇异点;请检查当前位置是否处于奇异点"
  },
  {
    "Code": 20018,
    "NameEn": "REC_StateRef useCmd",
    "Name": "状态机禁止执行",
    "Content": "当前状态机禁止执行此命令",
    "SpeculativeCause": "请检查当前状态机状态并确认在当前状态下是否可以执行此命令"
  },
  {
    "Code": 20031,
    "NameEn": "REC_PointCalculateFailed",
    "Name": "点位计算失败",
    "Content": "点位计算失败",
    "SpeculativeCause": "请检查指令中的点位数据是否正确"
  },
  {
    "Code": 39500,
    "NameEn": "Not find",
    "Name": "没有连接",
    "Content": "请先连接",
    "SpeculativeCause": "没有连接"
  },
  {
    "Code": 30504,
    "NameEn": "Not Connect",
    "Name": "未连接",
    "Content": "未连接,请核查机器人Ip",
    "SpeculativeCause": "未连接,请核查机器人Ip"
  }
]
